BootcampName,Count,Recommended,%Recommended
General Assembly,90,70.0,77.78%
Flatiron School,54,50.0,92.59%
Dev Bootcamp,48,41.0,85.42%
The Iron Yard,40,31.0,77.50%
Prime Digital Academy,30,25.0,83.33%
Hack Reactor,29,27.0,93.10%
Turing,27,26.0,96.30%
App Academy,22,20.0,90.91%
Hackbright Academy,22,19.0,86.36%
Code Fellows,21,15.0,71.43%
Bloc.io,21,11.0,52.38%
MakerSquare,20,18.0,90.00%
Galvanize,20,11.0,55.00%
New York Code + Design Academy,20,14.0,70.00%
Coding Dojo,18,11.0,61.11%
The Firehose Project,16,13.0,81.25%
"Free Code Camp is not a bootcamp - please scroll up and change answer to ""no""",15,14.0,93.33%
Epicodus,14,11.0,78.57%
Dev Academy,13,13.0,100.00%
Makers Academy,12,12.0,100.00%
Tech Talent South,12,8.0,66.67%
Coder Camps,11,6.0,54.55%
DevMountain,10,8.0,80.00%
Software Guild,10,8.0,80.00%
Viking Code School,10,10.0,100.00%
Codeup,10,6.0,60.00%
Launch Academy,10,8.0,80.00%
Ada,9,8.0,88.89%
4Geeks Academy,8,4.0,50.00%
CodeaCamp,8,8.0,100.00%
IronHack,7,5.0,71.43%
CodeNinja,7,5.0,71.43%
Anyone Can Learn To Code,7,5.0,71.43%
Startup Institute,7,4.0,57.14%
Thinkful,6,5.0,83.33%
Wyncode,6,3.0,50.00%
Fullstack Academy,6,6.0,100.00%
Bitmaker Labs,5,3.0,60.00%
10x.org.il,5,3.0,60.00%
CodeCore Bootcamp,5,3.0,60.00%
Nashville Software School,5,4.0,80.00%
CareerFoundry,5,4.0,80.00%
Codify Academy,4,1.0,25.00%
Bit Bootcamp,4,2.0,50.00%
RefactorU,4,2.0,50.00%
Academia de CÃ³digo,4,4.0,100.00%
LAMP Camp,4,3.0,75.00%
Skillcrush,4,3.0,75.00%
Sabio.la,4,3.0,75.00%
Rutgers Coding Bootcamp,4,3.0,75.00%
devCodeCamp,4,4.0,100.00%
Lighthouse Labs,4,3.0,75.00%
Devschool,4,2.0,50.00%
Camp Code Away,4,2.0,50.00%
Codesmith,4,2.0,50.00%
Tech Academy Portland,3,2.0,66.67%
V School,3,1.0,33.33%
Starter League,3,1.0,33.33%
tradecraft,3,1.0,33.33%
Dev League,3,3.0,100.00%
BrainStation,3,2.0,66.67%
Grand Circus,3,3.0,100.00%
Learn.Modern-Developer,3,2.0,66.67%
LEARN Academy,3,3.0,100.00%
Orange County Code School,3,2.0,66.67%
Coding House,3,1.0,33.33%
We Can Code IT,3,1.0,33.33%
Grace Hopper Academy,3,3.0,100.00%
Zip Code Wilmington,3,1.0,33.33%
Omaha Code School,2,2.0,100.00%
Mobile Makers Academy,2,1.0,50.00%
Fire Bootcamp,2,1.0,50.00%
EHD Academy,2,2.0,100.00%
We Got Coders,2,2.0,100.00%
Codecademy Labs,2,2.0,100.00%
BoiseCodeWorks,2,2.0,100.00%
Coder Factory,2,2.0,100.00%
Big Nerd Ranch,2,2.0,100.00%
DaVinci Coders,2,0.0,0.00%
Digital House,2,1.0,50.00%
Telegraph Academy,2,2.0,100.00%
AcadGild,2,2.0,100.00%
HackerYou,2,1.0,50.00%
DigitalCrafts,2,2.0,100.00%
Metis,2,1.0,50.00%
PDX Code Guild,2,1.0,50.00%
LearningFuze,2,1.0,50.00%
Eleven Fifty Academy,2,2.0,100.00%
CODEcamp Charleston,2,2.0,100.00%
Code Platoon,2,2.0,100.00%
Coder's Lab,1,1.0,100.00%
Interface Web School,1,0.0,0.00%
Astro Code School,1,0.0,0.00%
Data Science Dojo,1,0.0,0.00%
Alphappl,1,0.0,0.00%
The Data Incubator,1,1.0,100.00%
AngelHack Education,1,1.0,100.00%
Code 42,1,1.0,100.00%
Academic Work Academy,1,0.0,0.00%
Code Union,1,1.0,100.00%
Ruby On The Beach,1,1.0,100.00%
Claim Academy,1,1.0,100.00%
Austin Coding Academy,1,1.0,100.00%
Base10 Academy,1,1.0,100.00%
Code Institute,1,1.0,100.00%
Coder Foundry,1,1.0,100.00%
Science to Data Science,1,1.0,100.00%
CodeCraft School,1,1.0,100.00%
CodeMasters Academy,1,1.0,100.00%
DESIGNATION,1,1.0,100.00%
Microsoft Research Data Science Summer School,1,1.0,100.00%
SeedPaths,1,1.0,100.00%
Stackademy,1,1.0,100.00%
Betamore,1,1.0,100.00%
Byte Academy,1,1.0,100.00%
Origin Code Academy,1,1.0,100.00%
Montana Code School,1,0.0,0.00%
TalentBuddy,1,0.0,0.00%
Le Wagon,1,1.0,100.00%
Launch School (formerly Tealeaf Academy),1,1.0,100.00%
Academy X,1,0.0,0.00%
Atlanta Code,1,0.0,0.00%
codeU,1,1.0,100.00%
Ladies Learning Code,1,1.0,100.00%
Operation Spark,1,1.0,100.00%
Code For Progress,1,0.0,0.00%
Founders & Coders,1,1.0,100.00%
World Tech Makers,1,0.0,0.00%
